{
    "Canis_lupus_pallipes": [
        1.0
    ],
    "Canis_indica": [
        1.0,
        0.9948051948051948
    ],
    "Canis_lupus_lupus": [
        1.0,
        0.9798245614035088,
        0.987012987012987
    ],
    "Canis_lupus_familiaris": [
        1.0,
        0.9923477013212172,
        0.9798245614035088,
        0.987012987012987
    ],
    "Canis_lupus_chanco": [
        1.0,
        0.9710647456208525,
        0.9704601062242645,
        0.9587719298245614,
        0.9818181818181818
    ],
    "Canis_himalayensis": [
        1.0,
        0.9912280701754386,
        0.956140350877193,
        0.9578947368421052,
        0.956140350877193,
        0.9818181818181818
    ],
    "Canis_aureus": [
        1.0,
        0.9359649122807018,
        0.9403508771929825,
        0.9324561403508772,
        0.9350877192982456,
        0.9342105263157895,
        0.948051948051948
    ],
    "Canis_simensis": [
        1.0,
        0.952020202020202,
        0.9595959595959596,
        0.9595959595959596,
        0.9494949494949495,
        0.9494949494949495,
        0.9570707070707071,
        0.9506493506493506
    ],
    "Canis_rufus": [
        1.0,
        0.948936170212766,
        0.9404255319148936,
        0.9574468085106383,
        0.9702127659574468,
        0.9617021276595744,
        0.9617021276595744,
        0.9574468085106383,
        0.8893617021276595
    ],
    "Canis_latrans": [
        1.0,
        1.0,
        0.9621212121212122,
        0.9307017543859649,
        0.9280701754385965,
        0.9558120066969624,
        0.9569480985410189,
        0.9562305668500358,
        0.9350877192982456,
        0.9558441558441558
    ],
    "Lycalopex_culpaeus": [
        1.0,
        0.8955613577023499,
        0.8170212765957446,
        0.9086161879895561,
        0.8981723237597912,
        0.9086161879895561,
        0.9086161879895561,
        0.9033942558746736,
        0.9033942558746736,
        0.9007832898172323,
        0.8955613577023499
    ],
    "Lycalopex_griseus": [
        1.0,
        0.9895561357702349,
        0.9895561357702349,
        0.9033942558746736,
        0.8212765957446808,
        0.9164490861618799,
        0.9033942558746736,
        0.9138381201044387,
        0.9138381201044387,
        0.9033942558746736,
        0.9033942558746736,
        0.9060052219321149,
        0.9007832898172323
    ],
    "Lycalopex_gymnocercus": [
        1.0,
        0.9869451697127938,
        0.9895561357702349,
        0.9895561357702349,
        0.9007832898172323,
        0.8170212765957446,
        0.9138381201044387,
        0.8981723237597912,
        0.9086161879895561,
        0.9086161879895561,
        0.9033942558746736,
        0.9033942558746736,
        0.9007832898172323,
        0.8955613577023499
    ],
    "Lycalopex_sechurae": [
        1.0,
        0.9503916449086162,
        0.9530026109660574,
        0.9451697127937336,
        0.9451697127937336,
        0.9097938144329897,
        0.8851063829787233,
        0.9201030927835051,
        0.9072164948453608,
        0.9123711340206185,
        0.9123711340206185,
        0.9072164948453608,
        0.9072164948453608,
        0.9097938144329897,
        0.8831168831168831
    ],
    "Chrysocyon_brachyurus": [
        1.0,
        0.8959390862944162,
        0.8814432989690721,
        0.8825065274151436,
        0.8877284595300261,
        0.8798955613577023,
        0.8798955613577023,
        0.8934010152284264,
        0.8851063829787233,
        0.8934010152284264,
        0.8908629441624365,
        0.9035532994923858,
        0.9035532994923858,
        0.883248730964467,
        0.883248730964467,
        0.8908629441624365,
        0.8779220779220779
    ],
    "Canis_mesomelas_elongae": [
        1.0,
        0.8807106598984772,
        0.8888888888888888,
        0.9149484536082474,
        0.8955613577023499,
        0.8981723237597912,
        0.8955613577023499,
        0.8955613577023499,
        0.9015151515151515,
        0.902127659574468,
        0.9116161616161617,
        0.8939393939393939,
        0.9116161616161617,
        0.9116161616161617,
        0.8964646464646465,
        0.8964646464646465,
        0.9040404040404041,
        0.8987012987012987
    ],
    "Nyctereutes_procyonoides": [
        1.0,
        0.6439393939393939,
        0.6337662337662338,
        0.6439393939393939,
        0.6345177664974619,
        0.6439393939393939,
        0.6365979381443299,
        0.639686684073107,
        0.639686684073107,
        0.639686684073107,
        0.639686684073107,
        0.6508728179551122,
        0.6468085106382979,
        0.6313131313131313,
        0.655860349127182,
        0.6508728179551122,
        0.6508728179551122,
        0.6533665835411472,
        0.655860349127182,
        0.6583541147132169,
        0.6441558441558441
    ],
    "Cuon_alpinus": [
        1.0,
        0.9324675324675324,
        0.9090909090909091,
        0.8959390862944162,
        0.9065656565656566,
        0.9072164948453608,
        0.8929503916449086,
        0.8955613577023499,
        0.8929503916449086,
        0.8929503916449086,
        0.9292929292929293,
        0.9404255319148936,
        0.9292929292929293,
        0.9292929292929293,
        0.9444444444444444,
        0.9444444444444444,
        0.9343434343434344,
        0.9343434343434344,
        0.9368686868686869,
        0.9272727272727272
    ],
    "Lycalopex_vetulus": [
        1.0,
        1.0,
        0.8955613577023499,
        0.8170212765957446,
        0.9086161879895561,
        0.8981723237597912,
        0.9086161879895561,
        0.9086161879895561,
        0.9033942558746736,
        0.9033942558746736,
        0.9007832898172323,
        0.8955613577023499
    ],
    "Speothos_venaticus": [
        1.0,
        0.8929503916449086,
        0.6439393939393939,
        0.8914141414141414,
        0.8831168831168831,
        0.8888888888888888,
        0.8756345177664975,
        0.8813131313131313,
        0.9020618556701031,
        0.8825065274151436,
        0.8851174934725848,
        0.8825065274151436,
        0.8825065274151436,
        0.8914141414141414,
        0.8851063829787233,
        0.8939393939393939,
        0.8914141414141414,
        0.8838383838383839,
        0.8838383838383839,
        0.8737373737373737,
        0.8737373737373737,
        0.8838383838383839,
        0.8675324675324675
    ],
    "Vulpes_macrotis": [
        1.0,
        0.9142857142857143,
        0.6571428571428571,
        0.6714285714285714,
        0.6314285714285715,
        0.66,
        0.6542857142857142,
        0.6628571428571428,
        0.6485714285714286,
        0.6485714285714286,
        0.6628571428571428,
        0.6685714285714286,
        0.6685714285714286,
        0.6657142857142857,
        0.6657142857142857,
        0.6857142857142857,
        0.6680851063829787,
        0.6571428571428571,
        0.8457142857142858,
        0.82,
        0.68,
        0.6885714285714286,
        0.6857142857142857,
        0.8342857142857143,
        0.6571428571428571
    ],
    "Vulpes_vulpes": [
        1.0,
        0.8409090909090909,
        0.856396866840731,
        0.6583541147132169,
        0.8661616161616161,
        0.8597402597402597,
        0.8560606060606061,
        0.8426395939086294,
        0.8661616161616161,
        0.8711340206185567,
        0.8642297650130548,
        0.8694516971279374,
        0.8720626631853786,
        0.8720626631853786,
        0.8563734290843806,
        0.8638297872340426,
        0.8434343434343434,
        0.8543859649122807,
        0.8473684210526315,
        0.8467983243566727,
        0.8438061041292639,
        0.8461998803111909,
        0.8543859649122807,
        0.8571428571428571
    ],